"latitude","longitude","year","month","country","basisOfRecord","Crete_seaway","Crete_geodesic","GulfofPiran_seaway","GulfofPiran_geodesic","RavennaM_seaway","RavennaM_geodesic"
43.399824,5.136604,2025,3,"France","HUMAN_OBSERVATION",NA,NA,NA,NA,NA,NA
40.559116,-8.758983,2024,3,"Portugal","HUMAN_OBSERVATION",NA,NA,NA,NA,NA,NA
36.995899,-7.975131,2024,6,"Portugal","HUMAN_OBSERVATION",3088.74305684201,2969.73197473988,3320.35687778883,2029.46091978006,3287.46717846991,1899.28962943805
37.004527,-7.988183,2024,7,"Portugal","HUMAN_OBSERVATION",NA,NA,NA,NA,NA,NA
37.020389,-8.012431,2024,10,"Portugal","HUMAN_OBSERVATION",NA,NA,NA,NA,NA,NA
43.52411,3.92994,2023,4,"France","HUMAN_OBSERVATION",NA,NA,NA,NA,NA,NA
43.42472,3.7,2023,4,"France","HUMAN_OBSERVATION",NA,NA,NA,NA,NA,NA
43.42472,3.7,2023,4,"France","HUMAN_OBSERVATION",NA,NA,NA,NA,NA,NA
43.42472,3.7,2023,5,"France","HUMAN_OBSERVATION",NA,NA,NA,NA,NA,NA
51.33748,4.20502,2023,5,"Netherlands","HUMAN_OBSERVATION",5333.98893977545,2440.14040832574,5565.60276072227,946.634698868554,5532.71306140335,977.234665946866
43.42472,3.7,2023,6,"France","HUMAN_OBSERVATION",NA,NA,NA,NA,NA,NA
43.42472,3.7,2023,6,"France","HUMAN_OBSERVATION",NA,NA,NA,NA,NA,NA
43.01827,6.36259,2023,6,"France","HUMAN_OBSERVATION",1905.39270117552,1826.5453713853,2095.92509381699,638.513198161846,2063.03539449806,507.775348053774
43.4064,6.77364,2023,7,"France","HUMAN_OBSERVATION",NA,NA,NA,NA,NA,NA
43.40877,6.84209,2023,7,"France","HUMAN_OBSERVATION",NA,NA,NA,NA,NA,NA
40.565436,-8.756697,2023,8,"Portugal","HUMAN_OBSERVATION",NA,NA,NA,NA,NA,NA
37.013447,-7.794993,2023,8,"Portugal","HUMAN_OBSERVATION",NA,NA,NA,NA,NA,NA
43.399335,5.076908,2023,9,"France","HUMAN_OBSERVATION",NA,NA,NA,NA,NA,NA
43.554038,4.017053,2023,10,"France","HUMAN_OBSERVATION",2097.19522588113,2025.68642707662,2287.7276185226,789.273861366442,2254.83791920368,675.398052862823
44.754057,12.24729,2023,11,"Italy","HUMAN_OBSERVATION",NA,NA,NA,NA,NA,NA
44.754057,12.24729,2023,11,"Italy","HUMAN_OBSERVATION",NA,NA,NA,NA,NA,NA
52.684,4.632,2023,11,"Netherlands","HUMAN_OBSERVATION",NA,NA,NA,NA,NA,NA
52.76,4.64,2023,11,"Netherlands","HUMAN_OBSERVATION",5389.24744812035,2519.81713662576,5620.86126906717,1034.17650431289,5587.97156974825,1083.60890387513
43.462337,3.674873,2022,1,"France","HUMAN_OBSERVATION",NA,NA,NA,NA,NA,NA
44.64203,-1.23974,2022,1,"France","HUMAN_OBSERVATION",NA,NA,NA,NA,NA,NA
43.26841,3.51196,2022,1,"France","HUMAN_OBSERVATION",2127.64314375329,2054.17465066582,2318.17553639476,838.597073405373,2285.28583707583,722.186994532072
52.205,4.39,2022,1,"Netherlands","HUMAN_OBSERVATION",5349.2619125717,2491.81890694512,5580.87573351853,1001.60278470889,5547.9860341996,1043.61820768249
44.64203,-1.23974,2022,3,"France","HUMAN_OBSERVATION",NA,NA,NA,NA,NA,NA
43.42472,3.7,2022,3,"France","HUMAN_OBSERVATION",NA,NA,NA,NA,NA,NA
43.42472,3.7,2022,3,"France","HUMAN_OBSERVATION",NA,NA,NA,NA,NA,NA
48.56514,-4.59284,2022,4,"France","HUMAN_OBSERVATION",NA,NA,NA,NA,NA,NA
43.42472,3.7,2022,4,"France","HUMAN_OBSERVATION",NA,NA,NA,NA,NA,NA
40.950082,19.479998,2022,5,"Albania","HUMAN_OBSERVATION",868.438451895472,795.338994301806,727.947317662474,698.401741735116,700.823094330573,701.340812237542
43.555278,4.022222,2022,5,"France","HUMAN_OBSERVATION",2097.19522588113,2025.33909449431,2287.7276185226,788.834134671487,2254.83791920368,674.961433358903
43.42159,3.67842,2022,5,"France","HUMAN_OBSERVATION",NA,NA,NA,NA,NA,NA
43.42972,3.6725,2022,5,"France","HUMAN_OBSERVATION",NA,NA,NA,NA,NA,NA
43.42472,3.7,2022,5,"France","HUMAN_OBSERVATION",NA,NA,NA,NA,NA,NA
43.42472,3.7,2022,5,"France","HUMAN_OBSERVATION",NA,NA,NA,NA,NA,NA
43.6554,-1.43881,2022,5,"France","HUMAN_OBSERVATION",NA,NA,NA,NA,NA,NA
43.42472,3.7,2022,5,"France","HUMAN_OBSERVATION",NA,NA,NA,NA,NA,NA
43.42472,3.7,2022,5,"France","HUMAN_OBSERVATION",NA,NA,NA,NA,NA,NA
43.42972,3.6725,2022,5,"France","HUMAN_OBSERVATION",NA,NA,NA,NA,NA,NA
43.42472,3.7,2022,5,"France","HUMAN_OBSERVATION",NA,NA,NA,NA,NA,NA
43.42472,3.7,2022,5,"France","HUMAN_OBSERVATION",NA,NA,NA,NA,NA,NA
39.400866,-9.219703,2022,6,"Portugal","HUMAN_OBSERVATION",3454.20678542834,3057.57331248283,3685.82060637517,1985.38448932518,3652.93090705624,1868.55726407193
42.47635,3.15694,2022,6,"France","HUMAN_OBSERVATION",NA,NA,NA,NA,NA,NA
42.47433,3.1567,2022,6,"France","HUMAN_OBSERVATION",NA,NA,NA,NA,NA,NA
43.399647,5.073329,2022,8,"France","HUMAN_OBSERVATION",NA,NA,NA,NA,NA,NA
44.640962,12.259712,2022,9,"Italy","HUMAN_OBSERVATION",NA,NA,NA,NA,NA,NA
42.23522,3.22138,2022,9,"Spain","HUMAN_OBSERVATION",NA,NA,NA,NA,NA,NA
42.23891,3.25344,2022,9,"Spain","HUMAN_OBSERVATION",NA,NA,NA,NA,NA,NA
43.104783,3.085172,2022,11,"France","HUMAN_OBSERVATION",NA,NA,NA,NA,NA,NA
43.42472,3.7,2022,11,"France","HUMAN_OBSERVATION",NA,NA,NA,NA,NA,NA
43.42472,3.7,2022,11,"France","HUMAN_OBSERVATION",NA,NA,NA,NA,NA,NA
43.42472,3.7,2022,11,"France","HUMAN_OBSERVATION",NA,NA,NA,NA,NA,NA
47.26973,-2.35163,2022,12,"France","HUMAN_OBSERVATION",4577.78627317773,2635.37332935795,4809.40009412455,1237.46981746122,4776.51039480563,1181.91784275494
37.029858,-7.819628,2021,2,"Portugal","HUMAN_OBSERVATION",NA,NA,NA,NA,NA,NA
43.42472,3.7,2021,3,"France","HUMAN_OBSERVATION",NA,NA,NA,NA,NA,NA
44.816873,13.898281,2021,3,"Croatia","HUMAN_OBSERVATION",NA,NA,NA,NA,NA,NA
44.64203,-1.23974,2021,4,"France","HUMAN_OBSERVATION",NA,NA,NA,NA,NA,NA
44.64203,-1.23974,2021,4,"France","HUMAN_OBSERVATION",NA,NA,NA,NA,NA,NA
43.42472,3.7,2021,5,"France","HUMAN_OBSERVATION",NA,NA,NA,NA,NA,NA
43.4064,6.77364,2021,5,"France","HUMAN_OBSERVATION",NA,NA,NA,NA,NA,NA
43.42972,3.6725,2021,6,"France","HUMAN_OBSERVATION",NA,NA,NA,NA,NA,NA
43.42472,3.7,2021,6,"France","HUMAN_OBSERVATION",NA,NA,NA,NA,NA,NA
43.4357,3.63965,2021,6,"France","HUMAN_OBSERVATION",NA,NA,NA,NA,NA,NA
43.42472,3.7,2021,6,"France","HUMAN_OBSERVATION",NA,NA,NA,NA,NA,NA
43.42472,3.7,2021,6,"France","HUMAN_OBSERVATION",NA,NA,NA,NA,NA,NA
43.42472,3.7,2021,6,"France","HUMAN_OBSERVATION",NA,NA,NA,NA,NA,NA
43.4137,3.68575,2021,6,"France","HUMAN_OBSERVATION",NA,NA,NA,NA,NA,NA
43.42472,3.7,2021,6,"France","HUMAN_OBSERVATION",NA,NA,NA,NA,NA,NA
50.791236,0.324752,2021,7,"United Kingdom of Great Britain and Northern Ireland","HUMAN_OBSERVATION",5013.39016818058,2628.6187504976,5245.0039891274,1144.02557883023,5212.11428980848,1143.98996609678
48.65251,-2.03204,2021,7,"France","HUMAN_OBSERVATION",4787.1008850918,2670.41145399513,5018.71470603862,1232.17216553256,4985.8250067197,1195.41819240777
37.131651,-8.612527,2021,8,"Portugal","HUMAN_OBSERVATION",NA,NA,NA,NA,NA,NA
43.42472,3.7,2021,9,"France","HUMAN_OBSERVATION",NA,NA,NA,NA,NA,NA
43.42472,3.7,2021,9,"France","HUMAN_OBSERVATION",NA,NA,NA,NA,NA,NA
43.42472,3.7,2021,9,"France","HUMAN_OBSERVATION",NA,NA,NA,NA,NA,NA
43.42472,3.7,2021,9,"France","HUMAN_OBSERVATION",NA,NA,NA,NA,NA,NA
43.42472,3.7,2021,10,"France","HUMAN_OBSERVATION",NA,NA,NA,NA,NA,NA
36.969965,-7.923861,2021,10,"Portugal","HUMAN_OBSERVATION",3088.74305684201,2965.52504769653,3320.35687778883,2027.33697998976,3287.46717846991,1896.96281896518
43.42472,3.7,2021,10,"France","HUMAN_OBSERVATION",NA,NA,NA,NA,NA,NA
45.55735,-1.09781,2021,10,"France","HUMAN_OBSERVATION",4596.58275061043,2482.05062171804,4828.19657155726,1143.83457457898,4795.30687223834,1066.08989104292
44.62848,-1.24306,2021,10,"France","HUMAN_OBSERVATION",NA,NA,NA,NA,NA,NA
43.42472,3.7,2021,10,"France","HUMAN_OBSERVATION",NA,NA,NA,NA,NA,NA
43.42472,3.7,2021,10,"France","HUMAN_OBSERVATION",NA,NA,NA,NA,NA,NA
43.424749,3.700819,2021,11,"France","HUMAN_OBSERVATION",NA,NA,NA,NA,NA,NA
44.64203,-1.23974,2021,11,"France","HUMAN_OBSERVATION",NA,NA,NA,NA,NA,NA
44.796782,12.269766,2021,12,"Italy","HUMAN_OBSERVATION",NA,NA,NA,NA,NA,NA
43.42472,3.7,2020,3,"France","HUMAN_OBSERVATION",NA,NA,NA,NA,NA,NA
43.42472,3.7,2020,5,"France","HUMAN_OBSERVATION",NA,NA,NA,NA,NA,NA
43.42472,3.7,2020,5,"France","HUMAN_OBSERVATION",NA,NA,NA,NA,NA,NA
43.116678,3.118966,2020,6,"France","HUMAN_OBSERVATION",NA,NA,NA,NA,NA,NA
43.42472,3.7,2020,6,"France","HUMAN_OBSERVATION",NA,NA,NA,NA,NA,NA
43.42472,3.7,2020,6,"France","HUMAN_OBSERVATION",NA,NA,NA,NA,NA,NA
43.42472,3.7,2020,6,"France","HUMAN_OBSERVATION",NA,NA,NA,NA,NA,NA
43.42472,3.7,2020,6,"France","HUMAN_OBSERVATION",NA,NA,NA,NA,NA,NA
43.42472,3.7,2020,7,"France","HUMAN_OBSERVATION",NA,NA,NA,NA,NA,NA
41.85043,8.75475,2020,7,"France","HUMAN_OBSERVATION",1671.20261140401,1595.82832497162,1861.73500404547,562.544689972702,1828.84530472655,410.930071867701
43.42472,3.7,2020,8,"France","HUMAN_OBSERVATION",NA,NA,NA,NA,NA,NA
43.42472,3.7,2020,9,"France","HUMAN_OBSERVATION",NA,NA,NA,NA,NA,NA
42.23522,3.22138,2020,9,"Spain","HUMAN_OBSERVATION",NA,NA,NA,NA,NA,NA
44.64203,-1.23974,2020,9,"France","HUMAN_OBSERVATION",NA,NA,NA,NA,NA,NA
42.2371,3.26296,2020,9,"Spain","HUMAN_OBSERVATION",NA,NA,NA,NA,NA,NA
43.42472,3.7,2020,9,"France","HUMAN_OBSERVATION",NA,NA,NA,NA,NA,NA
42.24072,3.24906,2020,9,"Spain","HUMAN_OBSERVATION",NA,NA,NA,NA,NA,NA
43.42472,3.7,2020,10,"France","HUMAN_OBSERVATION",NA,NA,NA,NA,NA,NA
43.42472,3.7,2020,10,"France","HUMAN_OBSERVATION",NA,NA,NA,NA,NA,NA
43.44347,3.67174,2020,10,"France","HUMAN_OBSERVATION",NA,NA,NA,NA,NA,NA
41.8383,8.74246,2020,11,"France","HUMAN_OBSERVATION",1671.20261140401,1596.28410029106,1861.73500404547,564.229055445204,1828.84530472655,412.607837028545
37.019465,-8.926838,2020,12,"Portugal","HUMAN_OBSERVATION",NA,NA,NA,NA,NA,NA
43.42472,3.7,2020,12,"France","HUMAN_OBSERVATION",NA,NA,NA,NA,NA,NA
43.42472,3.7,2020,12,"France","HUMAN_OBSERVATION",NA,NA,NA,NA,NA,NA
52.991,4.727,2020,12,"Netherlands","HUMAN_OBSERVATION",NA,NA,NA,NA,NA,NA
37.010922,-7.93415,2019,3,"Portugal","HUMAN_OBSERVATION",NA,NA,NA,NA,NA,NA
43.42472,3.7,2019,3,"France","HUMAN_OBSERVATION",NA,NA,NA,NA,NA,NA
43.42472,3.7,2019,3,"France","HUMAN_OBSERVATION",NA,NA,NA,NA,NA,NA
37.010922,-7.93415,2019,3,"Portugal","HUMAN_OBSERVATION",NA,NA,NA,NA,NA,NA
37.02345,-7.837512,2019,4,"Portugal","HUMAN_OBSERVATION",NA,NA,NA,NA,NA,NA
36.990708,-7.967555,2019,4,"Portugal","HUMAN_OBSERVATION",3088.74305684201,2969.12747907083,3320.35687778883,2029.23211419182,3287.46717846991,1899.0256178956
43.42472,3.7,2019,4,"France","HUMAN_OBSERVATION",NA,NA,NA,NA,NA,NA
42.47805,3.16149,2019,5,"France","HUMAN_OBSERVATION",NA,NA,NA,NA,NA,NA
43.42472,3.7,2019,5,"France","HUMAN_OBSERVATION",NA,NA,NA,NA,NA,NA
43.42472,3.7,2019,5,"France","HUMAN_OBSERVATION",NA,NA,NA,NA,NA,NA
43.12901,3.12931,2019,5,"France","HUMAN_OBSERVATION",NA,NA,NA,NA,NA,NA
42.47805,3.16149,2019,5,"France","HUMAN_OBSERVATION",NA,NA,NA,NA,NA,NA
43.42972,3.6725,2019,5,"France","HUMAN_OBSERVATION",NA,NA,NA,NA,NA,NA
42.47805,3.16149,2019,5,"France","HUMAN_OBSERVATION",NA,NA,NA,NA,NA,NA
43.42472,3.7,2019,5,"France","HUMAN_OBSERVATION",NA,NA,NA,NA,NA,NA
37.118288,-7.620967,2019,6,"Portugal","HUMAN_OBSERVATION",NA,NA,NA,NA,NA,NA
43.42472,3.7,2019,6,"France","HUMAN_OBSERVATION",NA,NA,NA,NA,NA,NA
44.67726,-1.14991,2019,7,"France","HUMAN_OBSERVATION",NA,NA,NA,NA,NA,NA
40.64895,-8.648522,2019,9,"Portugal","HUMAN_OBSERVATION",NA,NA,NA,NA,NA,NA
42.47861,3.14917,2019,9,"France","HUMAN_OBSERVATION",NA,NA,NA,NA,NA,NA
42.47433,3.1567,2019,9,"France","HUMAN_OBSERVATION",NA,NA,NA,NA,NA,NA
43.42472,3.7,2019,9,"France","HUMAN_OBSERVATION",NA,NA,NA,NA,NA,NA
42.47805,3.16149,2019,9,"France","HUMAN_OBSERVATION",NA,NA,NA,NA,NA,NA
43.42472,3.7,2019,9,"France","HUMAN_OBSERVATION",NA,NA,NA,NA,NA,NA
42.47635,3.15694,2019,9,"France","HUMAN_OBSERVATION",NA,NA,NA,NA,NA,NA
42.05008,3.22426,2019,10,"Spain","HUMAN_OBSERVATION",2116.30286983669,2039.26098262881,2306.83526247816,916.523289287846,2273.94556315924,787.067102335562
43.42472,3.7,2019,10,"France","HUMAN_OBSERVATION",NA,NA,NA,NA,NA,NA
43.42472,3.7,2019,12,"France","HUMAN_OBSERVATION",NA,NA,NA,NA,NA,NA
36.013699,-5.584059,2018,1,"Spain","HUMAN_OBSERVATION",NA,NA,NA,NA,NA,NA
43.42472,3.7,2018,3,"France","HUMAN_OBSERVATION",NA,NA,NA,NA,NA,NA
43.42472,3.7,2018,3,"France","HUMAN_OBSERVATION",NA,NA,NA,NA,NA,NA
43.42472,3.7,2018,3,"France","HUMAN_OBSERVATION",NA,NA,NA,NA,NA,NA
43.42472,3.7,2018,3,"France","HUMAN_OBSERVATION",NA,NA,NA,NA,NA,NA
43.42472,3.7,2018,3,"France","HUMAN_OBSERVATION",NA,NA,NA,NA,NA,NA
43.42472,3.7,2018,4,"France","HUMAN_OBSERVATION",NA,NA,NA,NA,NA,NA
43.43958,3.66769,2018,4,"France","HUMAN_OBSERVATION",NA,NA,NA,NA,NA,NA
43.42472,3.7,2018,4,"France","HUMAN_OBSERVATION",NA,NA,NA,NA,NA,NA
43.43156,3.63451,2018,4,"France","HUMAN_OBSERVATION",NA,NA,NA,NA,NA,NA
43.42472,3.7,2018,4,"France","HUMAN_OBSERVATION",NA,NA,NA,NA,NA,NA
43.42472,3.7,2018,4,"France","HUMAN_OBSERVATION",NA,NA,NA,NA,NA,NA
43.42128,3.60545,2018,4,"France","HUMAN_OBSERVATION",NA,NA,NA,NA,NA,NA
43.42472,3.7,2018,4,"France","HUMAN_OBSERVATION",NA,NA,NA,NA,NA,NA
43.4064,6.77364,2018,4,"France","HUMAN_OBSERVATION",NA,NA,NA,NA,NA,NA
43.42472,3.7,2018,4,"France","HUMAN_OBSERVATION",NA,NA,NA,NA,NA,NA
43.44347,3.67174,2018,4,"France","HUMAN_OBSERVATION",NA,NA,NA,NA,NA,NA
43.42472,3.7,2018,4,"France","HUMAN_OBSERVATION",NA,NA,NA,NA,NA,NA
43.42472,3.7,2018,4,"France","HUMAN_OBSERVATION",NA,NA,NA,NA,NA,NA
43.42472,3.7,2018,4,"France","HUMAN_OBSERVATION",NA,NA,NA,NA,NA,NA
43.42472,3.7,2018,5,"France","HUMAN_OBSERVATION",NA,NA,NA,NA,NA,NA
43.42472,3.7,2018,5,"France","HUMAN_OBSERVATION",NA,NA,NA,NA,NA,NA
43.42472,3.7,2018,6,"France","HUMAN_OBSERVATION",NA,NA,NA,NA,NA,NA
43.42472,3.7,2018,6,"France","HUMAN_OBSERVATION",NA,NA,NA,NA,NA,NA
43.42472,3.7,2018,7,"France","HUMAN_OBSERVATION",NA,NA,NA,NA,NA,NA
42.4611,3.16021,2018,7,"France","HUMAN_OBSERVATION",NA,NA,NA,NA,NA,NA
43.65601,-1.43762,2018,7,"France","HUMAN_OBSERVATION",NA,NA,NA,NA,NA,NA
43.42472,3.7,2018,7,"France","HUMAN_OBSERVATION",NA,NA,NA,NA,NA,NA
44.69716,-1.22856,2018,7,"France","HUMAN_OBSERVATION",NA,NA,NA,NA,NA,NA
43.42472,3.7,2018,8,"France","HUMAN_OBSERVATION",NA,NA,NA,NA,NA,NA
43.42472,3.7,2018,8,"France","HUMAN_OBSERVATION",NA,NA,NA,NA,NA,NA
43.42472,3.7,2018,8,"France","HUMAN_OBSERVATION",NA,NA,NA,NA,NA,NA
43.27058,3.51475,2018,8,"France","HUMAN_OBSERVATION",2127.64314375329,2054.03406732596,2318.17553639476,838.299701436091,2285.28583707583,721.910454815581
43.42472,3.7,2018,9,"France","HUMAN_OBSERVATION",NA,NA,NA,NA,NA,NA
43.42472,3.7,2018,9,"France","HUMAN_OBSERVATION",NA,NA,NA,NA,NA,NA
43.42472,3.7,2018,9,"France","HUMAN_OBSERVATION",NA,NA,NA,NA,NA,NA
43.42472,3.7,2018,9,"France","HUMAN_OBSERVATION",NA,NA,NA,NA,NA,NA
43.65601,-1.43762,2018,9,"France","HUMAN_OBSERVATION",NA,NA,NA,NA,NA,NA
43.42472,3.7,2018,9,"France","HUMAN_OBSERVATION",NA,NA,NA,NA,NA,NA
43.42472,3.7,2018,9,"France","HUMAN_OBSERVATION",NA,NA,NA,NA,NA,NA
43.42472,3.7,2018,9,"France","HUMAN_OBSERVATION",NA,NA,NA,NA,NA,NA
43.42472,3.7,2018,10,"France","HUMAN_OBSERVATION",NA,NA,NA,NA,NA,NA
43.42472,3.7,2018,10,"France","HUMAN_OBSERVATION",NA,NA,NA,NA,NA,NA
43.42472,3.7,2018,10,"France","HUMAN_OBSERVATION",NA,NA,NA,NA,NA,NA
43.42472,3.7,2018,10,"France","HUMAN_OBSERVATION",NA,NA,NA,NA,NA,NA
43.42472,3.7,2018,10,"France","HUMAN_OBSERVATION",NA,NA,NA,NA,NA,NA
39.740706,3.215654,2018,11,"Spain","HUMAN_OBSERVATION",2065.92076603407,1992.24767539517,2256.45315867553,1062.98936242275,2223.56345935661,918.139949285159
43.42472,3.7,2018,11,"France","HUMAN_OBSERVATION",NA,NA,NA,NA,NA,NA
43.42472,3.7,2018,11,"France","HUMAN_OBSERVATION",NA,NA,NA,NA,NA,NA
43.42472,3.7,2018,11,"France","HUMAN_OBSERVATION",NA,NA,NA,NA,NA,NA
49.48892,0.11775,2017,1,"France","HUMAN_OBSERVATION",4974.6437971284,2569.62858000961,5206.25761807523,1103.21696424576,5173.3679187563,1084.46500388454
43.42472,3.7,2017,5,"France","HUMAN_OBSERVATION",NA,NA,NA,NA,NA,NA
43.42472,3.7,2017,5,"France","HUMAN_OBSERVATION",NA,NA,NA,NA,NA,NA
43.42472,3.7,2017,5,"France","HUMAN_OBSERVATION",NA,NA,NA,NA,NA,NA
43.42472,3.7,2017,5,"France","HUMAN_OBSERVATION",NA,NA,NA,NA,NA,NA
43.24932,3.49883,2017,6,"France","HUMAN_OBSERVATION",2135.76410333495,2054.53227563502,2326.29649597642,840.34889681858,2293.40679665749,723.721587832406
43.42472,3.7,2017,6,"France","HUMAN_OBSERVATION",NA,NA,NA,NA,NA,NA
43.42472,3.7,2017,7,"France","HUMAN_OBSERVATION",NA,NA,NA,NA,NA,NA
36.742475,-6.43452,2017,9,"Spain","HUMAN_OBSERVATION",2967.8490108176,2836.40259255129,3199.46283176442,1933.94835203789,3166.5731324455,1799.69810062676
36.742475,-6.43452,2017,9,"Spain","HUMAN_OBSERVATION",2967.8490108176,2836.40259255129,3199.46283176442,1933.94835203789,3166.5731324455,1799.69810062676
43.42472,3.7,2017,10,"France","HUMAN_OBSERVATION",NA,NA,NA,NA,NA,NA
43.42472,3.7,2017,11,"France","HUMAN_OBSERVATION",NA,NA,NA,NA,NA,NA
40.647599,-8.654172,2016,6,"Portugal","HUMAN_OBSERVATION",NA,NA,NA,NA,NA,NA
43.424687,3.699389,2016,6,"France","HUMAN_OBSERVATION",NA,NA,NA,NA,NA,NA
40.647599,-8.654172,2016,6,"Portugal","HUMAN_OBSERVATION",NA,NA,NA,NA,NA,NA
43.698059,-7.868271,2016,10,"Spain","HUMAN_OBSERVATION",NA,NA,NA,NA,NA,NA
40.812344,0.707101,2015,1,"Spain","HUMAN_OBSERVATION",NA,NA,NA,NA,NA,NA
40.812344,0.707101,2015,1,"Spain","HUMAN_OBSERVATION",NA,NA,NA,NA,NA,NA
40.302455,-3.441925,2015,2,"Spain","HUMAN_OBSERVATION",NA,NA,NA,NA,NA,NA
43.43958,3.66769,2015,5,"France","HUMAN_OBSERVATION",NA,NA,NA,NA,NA,NA
49.68508,-1.67374,2015,10,"France","HUMAN_OBSERVATION",NA,NA,NA,NA,NA,NA
50.794717,0.330601,2014,8,"United Kingdom of Great Britain and Northern Ireland","HUMAN_OBSERVATION",5013.39016818058,2628.46655179771,5245.0039891274,1143.8219008706,5212.11428980848,1143.85880299041
47.70109,-3.43042,2014,8,"France","HUMAN_OBSERVATION",NA,NA,NA,NA,NA,NA
51.39605,0.56231,2014,8,"United Kingdom of Great Britain and Northern Ireland","HUMAN_OBSERVATION",NA,NA,NA,NA,NA,NA
41.85043,8.75475,2014,8,"France","HUMAN_OBSERVATION",1671.20261140401,1595.82832497162,1861.73500404547,562.544689972702,1828.84530472655,410.930071867701
50.874004,-1.399476,2014,9,"United Kingdom of Great Britain and Northern Ireland","HUMAN_OBSERVATION",4921.47330205053,2738.43169702137,5153.08712299736,1258.71980368386,5120.19742367844,1252.49328874095
50.606696,-2.450041,2014,9,"United Kingdom of Great Britain and Northern Ireland","HUMAN_OBSERVATION",NA,NA,NA,NA,NA,NA
50.841484,-1.097376,2014,9,"United Kingdom of Great Britain and Northern Ireland","HUMAN_OBSERVATION",NA,NA,NA,NA,NA,NA
43.43958,3.66769,2013,4,"France","HUMAN_OBSERVATION",NA,NA,NA,NA,NA,NA
38.301792,-0.518417,2013,4,"Spain","HUMAN_OBSERVATION",NA,NA,NA,NA,NA,NA
43.4465,3.66265,2013,4,"France","HUMAN_OBSERVATION",NA,NA,NA,NA,NA,NA
43.42472,3.7,2013,4,"France","HUMAN_OBSERVATION",NA,NA,NA,NA,NA,NA
46.12689,1.18253,2013,4,"France","HUMAN_OBSERVATION",NA,NA,NA,NA,NA,NA
36.088523,-5.441912,2013,12,"Spain","HUMAN_OBSERVATION",2830.02707213717,2756.7292765656,3061.64089308399,1908.08717775404,3028.75119376507,1769.64637126145
36.088415,-5.441864,2013,12,"Spain","HUMAN_OBSERVATION",2830.02707213717,2756.72653231058,3061.64089308399,1908.0913877047,3028.75119376507,1769.65015077578
37.658699,-0.807857,2012,2,"Spain","HUMAN_OBSERVATION",NA,NA,NA,NA,NA,NA
51.39615,0.562998,2012,3,"United Kingdom of Great Britain and Northern Ireland","HUMAN_OBSERVATION",NA,NA,NA,NA,NA,NA
41.434675,2.242603,2012,3,"Spain","HUMAN_OBSERVATION",NA,NA,NA,NA,NA,NA
41.434675,2.242603,2012,3,"Spain","HUMAN_OBSERVATION",NA,NA,NA,NA,NA,NA
43.481366,-5.435346,2012,4,"Spain","HUMAN_OBSERVATION",NA,NA,NA,NA,NA,NA
36.726609,-3.955932,2011,4,"Spain","HUMAN_OBSERVATION",NA,NA,NA,NA,NA,NA
40.938817,0.852357,2011,4,"Spain","HUMAN_OBSERVATION",NA,NA,NA,NA,NA,NA
37.387899,-1.611191,2011,7,"Spain","HUMAN_OBSERVATION",2448.5947588465,2403.13480297704,2679.62720489174,1552.66818626313,2646.73750557282,1410.51211622437
42.515308,-8.813571,2011,7,"Spain","HUMAN_OBSERVATION",3804.11451417489,3027.40312277032,4035.72833512171,1819.11221549196,4002.83863580279,1720.66735269073
42.515308,-8.813571,2011,7,"Spain","HUMAN_OBSERVATION",3804.11451417489,3027.40312277032,4035.72833512171,1819.11221549196,4002.83863580279,1720.66735269073
42.515308,-8.813571,2011,7,"Spain","HUMAN_OBSERVATION",3804.11451417489,3027.40312277032,4035.72833512171,1819.11221549196,4002.83863580279,1720.66735269073
38.362777,-0.44214,2011,8,"Spain","HUMAN_OBSERVATION",2355.30663961177,2298.13726301567,2545.83903225323,1404.43577847524,2512.94933293431,1263.12658455288
38.362777,-0.44214,2011,8,"Spain","HUMAN_OBSERVATION",2355.30663961177,2298.13726301567,2545.83903225323,1404.43577847524,2512.94933293431,1263.12658455288
40.526568,0.515696,2011,11,"Spain","HUMAN_OBSERVATION",2317.65557304773,2231.4154688079,2508.18796568919,1197.69972381889,2475.29826637027,1064.76953533243
27.883697,-15.723984,2011,12,"Spain","HUMAN_OBSERVATION",NA,NA,NA,NA,NA,NA
41.387917,2.169919,2010,7,"Spain","HUMAN_OBSERVATION",NA,NA,NA,NA,NA,NA
41.387917,2.169919,2010,7,"Spain","HUMAN_OBSERVATION",NA,NA,NA,NA,NA,NA
41.387917,2.169919,2010,7,"Spain","HUMAN_OBSERVATION",NA,NA,NA,NA,NA,NA
37.02546,-8.018066,2008,7,"Portugal","HUMAN_OBSERVATION",NA,NA,NA,NA,NA,NA
37.02546,-8.018066,2008,7,"Portugal","HUMAN_OBSERVATION",NA,NA,NA,NA,NA,NA
40.835278,24.333611,1998,8,"Greece","HUMAN_OBSERVATION",623.657826764309,613.664995280805,1686.30755477911,1017.05206408192,1654.6482420139,1060.36586453576
51.99,4.11,1995,3,"Netherlands","HUMAN_OBSERVATION",NA,NA,NA,NA,NA,NA
53.417,5.324,1984,1,"Netherlands","HUMAN_OBSERVATION",5479.6657539999,2536.46494608373,5711.27957494673,1060.84786634786,5678.3898756278,1120.95811943169
53.417,5.324,1984,1,"Netherlands","HUMAN_OBSERVATION",5479.6657539999,2536.46494608373,5711.27957494673,1060.84786634786,5678.3898756278,1120.95811943169
53.417,5.324,1984,1,"Netherlands","HUMAN_OBSERVATION",5479.6657539999,2536.46494608373,5711.27957494673,1060.84786634786,5678.3898756278,1120.95811943169
52.22,4.4,1982,11,"Netherlands","HUMAN_OBSERVATION",NA,NA,NA,NA,NA,NA
52.259,4.438,1981,2,"Netherlands","HUMAN_OBSERVATION",NA,NA,NA,NA,NA,NA
52.2,4.38,1981,11,"Netherlands","HUMAN_OBSERVATION",NA,NA,NA,NA,NA,NA
51.44,3.55,1970,12,"Netherlands","HUMAN_OBSERVATION",5264.03196837128,2483.04656967529,5495.6457893181,989.377924507272,5462.75608999918,1016.48793656309
52.49,4.58,1964,10,"Netherlands","HUMAN_OBSERVATION",5370.63708910017,2502.85311967038,5602.250910047,1015.01520673742,5569.36121072808,1061.37531316491
51.44,3.55,1961,4,"Netherlands","HUMAN_OBSERVATION",5264.03196837128,2483.04656967529,5495.6457893181,989.377924507272,5462.75608999918,1016.48793656309
51.771858,-4.913972,1960,6,"United Kingdom of Great Britain and Northern Ireland","HUMAN_OBSERVATION",NA,NA,NA,NA,NA,NA
52.48,4.57,1958,1,"Netherlands","HUMAN_OBSERVATION",5370.63708910017,2502.62658339441,5602.250910047,1014.6826665127,5569.36121072808,1060.86893159205
52.48,4.57,1958,1,"Netherlands","HUMAN_OBSERVATION",5370.63708910017,2502.62658339441,5602.250910047,1014.6826665127,5569.36121072808,1060.86893159205
52.259,4.438,1955,10,"Netherlands","HUMAN_OBSERVATION",NA,NA,NA,NA,NA,NA
52.11,4.27,1955,10,"Netherlands","HUMAN_OBSERVATION",5338.58466076206,2491.22686756849,5570.19848170888,1000.19780042891,5537.30878238996,1040.30733013896
51.058968,-4.199608,NA,NA,"United Kingdom of Great Britain and Northern Ireland","HUMAN_OBSERVATION",NA,NA,NA,NA,NA,NA
51.054636,-4.19084,NA,NA,"United Kingdom of Great Britain and Northern Ireland","HUMAN_OBSERVATION",NA,NA,NA,NA,NA,NA
37.118288,-7.620967,NA,NA,"Portugal","HUMAN_OBSERVATION",NA,NA,NA,NA,NA,NA
51.397297,0.559522,2023,6,"United Kingdom of Great Britain and Northern Ireland","MATERIAL_SAMPLE",NA,NA,NA,NA,NA,NA
51.397297,0.559522,2023,6,"United Kingdom of Great Britain and Northern Ireland","MATERIAL_SAMPLE",NA,NA,NA,NA,NA,NA
51.397297,0.559522,2023,6,"United Kingdom of Great Britain and Northern Ireland","MATERIAL_SAMPLE",NA,NA,NA,NA,NA,NA
39.675293,-7.933662,2016,4,"Portugal","MATERIAL_SAMPLE",NA,NA,NA,NA,NA,NA
39.675293,-7.933662,2016,4,"Portugal","MATERIAL_SAMPLE",NA,NA,NA,NA,NA,NA
39.675293,-7.933662,2016,4,"Portugal","MATERIAL_SAMPLE",NA,NA,NA,NA,NA,NA
39.675293,-7.933662,2016,4,"Portugal","MATERIAL_SAMPLE",NA,NA,NA,NA,NA,NA
39.675293,-7.933662,2016,4,"Portugal","MATERIAL_SAMPLE",NA,NA,NA,NA,NA,NA
39.675293,-7.933662,2016,4,"Portugal","MATERIAL_SAMPLE",NA,NA,NA,NA,NA,NA
39.675293,-7.933662,2016,4,"Portugal","MATERIAL_SAMPLE",NA,NA,NA,NA,NA,NA
39.675293,-7.933662,2016,4,"Portugal","MATERIAL_SAMPLE",NA,NA,NA,NA,NA,NA
39.675293,-7.933662,2016,4,"Portugal","MATERIAL_SAMPLE",NA,NA,NA,NA,NA,NA
39.675293,-7.933662,2016,4,"Portugal","MATERIAL_SAMPLE",NA,NA,NA,NA,NA,NA
39.675293,-7.933662,2016,4,"Portugal","MATERIAL_SAMPLE",NA,NA,NA,NA,NA,NA
39.675293,-7.933662,2016,4,"Portugal","MATERIAL_SAMPLE",NA,NA,NA,NA,NA,NA
39.675293,-7.933662,2016,4,"Portugal","MATERIAL_SAMPLE",NA,NA,NA,NA,NA,NA
39.675293,-7.933662,2016,4,"Portugal","MATERIAL_SAMPLE",NA,NA,NA,NA,NA,NA
39.675293,-7.933662,2016,4,"Portugal","MATERIAL_SAMPLE",NA,NA,NA,NA,NA,NA
39.675293,-7.933662,2016,4,"Portugal","MATERIAL_SAMPLE",NA,NA,NA,NA,NA,NA
50.358933,-4.121266,2011,3,"United Kingdom of Great Britain and Northern Ireland","MATERIAL_SAMPLE",4759.37773630287,2885.45619775192,4990.9915572497,1422.55064387122,4958.10185793077,1401.86901556022
50.358933,-4.121266,2011,3,"United Kingdom of Great Britain and Northern Ireland","MATERIAL_SAMPLE",4759.37773630287,2885.45619775192,4990.9915572497,1422.55064387122,4958.10185793077,1401.86901556022
50.369445,-4.132758,2010,2,"United Kingdom of Great Britain and Northern Ireland","MATERIAL_SAMPLE",4759.37773630287,2886.67983375641,4990.9915572497,1423.6496451324,4958.10185793077,1403.05973587481
50.369445,-4.132758,2010,2,"United Kingdom of Great Britain and Northern Ireland","MATERIAL_SAMPLE",4759.37773630287,2886.67983375641,4990.9915572497,1423.6496451324,4958.10185793077,1403.05973587481
50.369445,-4.132758,2010,11,"United Kingdom of Great Britain and Northern Ireland","MATERIAL_SAMPLE",4759.37773630287,2886.67983375641,4990.9915572497,1423.6496451324,4958.10185793077,1403.05973587481
50.369445,-4.132758,2010,11,"United Kingdom of Great Britain and Northern Ireland","MATERIAL_SAMPLE",4759.37773630287,2886.67983375641,4990.9915572497,1423.6496451324,4958.10185793077,1403.05973587481
60.151716,-1.130133,1988,1,"United Kingdom of Great Britain and Northern Ireland","MATERIAL_SAMPLE",NA,NA,NA,NA,NA,NA
50.895028,-1.408127,1976,6,"United Kingdom of Great Britain and Northern Ireland","MATERIAL_SAMPLE",NA,NA,NA,NA,NA,NA
50.363742,-4.14137,1974,1,"United Kingdom of Great Britain and Northern Ireland","MATERIAL_SAMPLE",4759.37773630287,2886.98052286879,4990.9915572497,1424.07185437637,4958.10185793077,1403.39602986476
50.363742,-4.14137,1974,7,"United Kingdom of Great Britain and Northern Ireland","MATERIAL_SAMPLE",4759.37773630287,2886.98052286879,4990.9915572497,1424.07185437637,4958.10185793077,1403.39602986476
50.795519,-0.923023,1958,1,"United Kingdom of Great Britain and Northern Ireland","MATERIAL_SAMPLE",4933.33661472927,2704.85207306701,5164.95043567609,1224.38655280064,5132.06073635717,1219.03066645953
50.815046,-1.018124,1958,1,"United Kingdom of Great Britain and Northern Ireland","MATERIAL_SAMPLE",NA,NA,NA,NA,NA,NA
50.79107,-1.106293,1958,1,"United Kingdom of Great Britain and Northern Ireland","MATERIAL_SAMPLE",4925.74455295582,2715.89127107086,5157.35837390264,1236.10655288729,5124.46867458372,1229.9765092479
50.365556,-4.110555,1956,1,"United Kingdom of Great Britain and Northern Ireland","MATERIAL_SAMPLE",4759.37773630287,2885.06116784659,4990.9915572497,1422.01179269902,4958.10185793077,1401.43179846179
50.363742,-4.14137,1956,1,"United Kingdom of Great Britain and Northern Ireland","MATERIAL_SAMPLE",4759.37773630287,2886.98052286879,4990.9915572497,1424.07185437637,4958.10185793077,1403.39602986476
50.365556,-4.110555,1956,7,"United Kingdom of Great Britain and Northern Ireland","MATERIAL_SAMPLE",4759.37773630287,2885.06116784659,4990.9915572497,1422.01179269902,4958.10185793077,1401.43179846179
50.363742,-4.14137,1956,7,"United Kingdom of Great Britain and Northern Ireland","MATERIAL_SAMPLE",4759.37773630287,2886.98052286879,4990.9915572497,1424.07185437637,4958.10185793077,1403.39602986476
50.365556,-4.110555,1955,1,"United Kingdom of Great Britain and Northern Ireland","MATERIAL_SAMPLE",4759.37773630287,2885.06116784659,4990.9915572497,1422.01179269902,4958.10185793077,1401.43179846179
50.365556,-4.110555,1955,7,"United Kingdom of Great Britain and Northern Ireland","MATERIAL_SAMPLE",4759.37773630287,2885.06116784659,4990.9915572497,1422.01179269902,4958.10185793077,1401.43179846179
50.357161,-4.145511,1948,1,"United Kingdom of Great Britain and Northern Ireland","MATERIAL_SAMPLE",4759.37773630287,2886.95124143052,4990.9915572497,1424.1619669677,4958.10185793077,1403.40114515092
50.357161,-4.145511,1948,7,"United Kingdom of Great Britain and Northern Ireland","MATERIAL_SAMPLE",4759.37773630287,2886.95124143052,4990.9915572497,1424.1619669677,4958.10185793077,1403.40114515092
50.832727,-0.281347,1947,1,"United Kingdom of Great Britain and Northern Ireland","MATERIAL_SAMPLE",NA,NA,NA,NA,NA,NA
50.832727,-0.281347,1947,7,"United Kingdom of Great Britain and Northern Ireland","MATERIAL_SAMPLE",NA,NA,NA,NA,NA,NA
50.829998,-0.243609,1937,1,"United Kingdom of Great Britain and Northern Ireland","MATERIAL_SAMPLE",NA,NA,NA,NA,NA,NA
35.343153,25.136605,NA,NA,"Greece","OCCURRENCE",0,0.000563362926498656,1560.48467372816,1493.6719650222,1527.59497440924,1486.07434369905
35.343153,25.136605,NA,NA,"Greece","OCCURRENCE",0,0.000563362926498656,1560.48467372816,1493.6719650222,1527.59497440924,1486.07434369905
